Ranking,College Name,Location,Affiliation,Accreditations,Branches,Annual Fees (INR),Website,Description
8,Indian Institute of Technology Hyderabad (IIT Hyderabad),"Kandi, Hyderabad",IIT (Autonomous),NIRF-ranked,"CSE, ECE, Mechanical, Civil, Chemical, AI",161300,https://iith.ac.in,"Top-ranked national engineering institute (IIT) with autonomous status, NIRF-ranked, offering branches CSE, ECE, Mechanical, Civil, Chemical, AI."
47,IIIT Hyderabad,"Gachibowli, Hyderabad",IIIT (Autonomous),NAAC A++; UGC,"CSE, ECE, Interdisciplinary",400000,https://www.iiit.ac.in,"Premier autonomous IIIT and top technology-focused institute, accredited by NAAC A++ and UGC, offering branches CSE, ECE, Interdisciplinary."
88,JNTUH University College of Engineering,Hyderabad,JNTUH,UGC; NAAC,"CSE, ECE, EEE, Mechanical, Civil, Chemical",50000,https://jntuh.ac.in,"Leading public engineering college affiliated with JNTUH, accredited by UGC and NAAC, offering branches CSE, ECE, EEE, Mechanical, Civil, Chemical."
101,Chaitanya Bharathi Institute of Technology (CBIT),"Gandipet, Hyderabad",Osmania University (Autonomous),AICTE; NBA; NAAC A,"CSE, IT, ECE, EEE, Mechanical, Civil, AI&ML",140000,https://www.cbit.ac.in,"Top private autonomous engineering college affiliated with Osmania University, accredited by AICTE, NBA, NAAC A, offering branches CSE, IT, ECE, EEE, Mechanical, Civil, AI&ML."
101,VNR Vignana Jyothi Institute of Engineering & Technology (VNR VJIET),"Bachupally, Hyderabad",JNTUH (Autonomous),AICTE; NAAC A,"CSE, IT, ECE, Civil, Mechanical",135000,https://vnrvjiet.ac.in,"Premier autonomous engineering institute affiliated with JNTUH, accredited by AICTE, NAAC A, offering branches CSE, IT, ECE, Civil, Mechanical."
151,Gokaraju Rangaraju Institute of Engineering & Technology (GRIET),"Nizampet, Hyderabad",JNTUH (Autonomous),AICTE; NAAC A,"CSE, IT, ECE, EEE, Mechanical, Civil, AI&ML",130000,https://www.griet.ac.in,"Leading autonomous engineering college affiliated with JNTUH, accredited by AICTE, NAAC A, offering branches CSE, IT, ECE, EEE, Mechanical, Civil, AI&ML."
151,Vardhaman College of Engineering,"Shamshabad, Hyderabad",JNTUH (Autonomous),AICTE; NAAC A++; NBA,"CSE, IT, ECE, EEE, Mechanical, Civil, AI&ML",143000,https://vardhaman.org,"Top autonomous engineering institution affiliated with JNTUH, accredited by AICTE, NAAC A++, NBA, offering branches CSE, IT, ECE, EEE, Mechanical, Civil, AI&ML."
200,BITS Pilani Hyderabad Campus,"Shamshabad, Hyderabad",BITS Pilani (Deemed University),NAAC A; UGC,"CSE, ECE, Mechanical, Civil, Chemical, Electrical",573000,https://www.bits-pilani.ac.in/hyderabad,"Elite deemed university campus and top engineering institute, accredited by NAAC A, UGC, offering branches CSE, ECE, Mechanical, Civil, Chemical, Electrical."
210,University College of Engineering  Osmania University (UCE OU),Hyderabad,Osmania University,UGC; Autonomous; NAAC A+,"CSE, ECE, Mechanical, Mining, Biomedical, AI&ML",100000,http://www.uceou.edu,"Top public autonomous engineering college affiliated with Osmania University, accredited by UGC, NAAC A+, offering branches CSE, ECE, Mechanical, Mining, Biomedical, AI&ML."
220,Vasavi College of Engineering,"Ibrahimbagh, Hyderabad",Osmania University,AICTE; NAAC A++,"CSE, IT, ECE, EEE, Mechanical, Civil",140000,https://www.vce.ac.in,"Premier private engineering college affiliated with Osmania University, accredited by AICTE, NAAC A++, offering branches CSE, IT, ECE, EEE, Mechanical, Civil."
230,Institute of Aeronautical Engineering (IARE),"Dundigal, Hyderabad",JNTUH,AICTE; NAAC A++; NBA,"CSE, IT, ECE, Aerospace, AI&ML, Data Science, Civil",101000,http://iare.ac.in,"Specialized top engineering institute affiliated with JNTUH, accredited by AICTE, NAAC A++, NBA, offering branches CSE, IT, ECE, Aerospace, AI&ML, Data Science, Civil."
240,Anurag University,"Ghatkesar, Hyderabad",Anurag University (Private),AICTE; NAAC A+; NBA,"CSE, ECE, Mechanical, Civil, AI&ML, Data Science",250000,https://anurag.edu.in,"Top private university for engineering, accredited by AICTE, NAAC A+, NBA, offering branches CSE, ECE, Mechanical, Civil, AI&ML, Data Science."
250,Sreenidhi Institute of Science & Technology (SNIST),"Ghatkesar, Hyderabad",JNTUH (Autonomous),AICTE; NAAC,"CSE, IT, ECE, EEE, Mechanical, Civil",130000,https://sreenidhi.edu.in,"Premier autonomous engineering institute affiliated with JNTUH, accredited by AICTE, NAAC, offering branches CSE, IT, ECE, EEE, Mechanical, Civil."
260,CVR College of Engineering,"Mangalpally, Hyderabad",JNTUH (Autonomous),AICTE; NBA; NAAC,"CSE, IT, ECE, Civil, Mechanical, AI&ML",150000,http://cvr.ac.in,"Leading autonomous engineering college affiliated with JNTUH, accredited by AICTE, NBA, NAAC, offering branches CSE, IT, ECE, Civil, Mechanical, AI&ML."
270,Mahatma Gandhi Institute of Technology (MGIT),"Gandipet, Hyderabad",JNTUH,AICTE; NBA,"CSE, IT, ECE, EEE, Mechanical, Civil",160000,http://mgit.ac.in,"Leading engineering college affiliated with JNTUH, accredited by AICTE, NBA, offering branches CSE, IT, ECE, EEE, Mechanical, Civil."
280,Muffakham Jah College of Engineering & Technology (MJCET),"Banjara Hills, Hyderabad",Osmania University,AICTE; NAAC A+,"CSE, IT, ECE, EEE, Mechanical, Civil",130000,https://www.mjcollege.ac.in,"Leading engineering institute affiliated with Osmania University, accredited by AICTE, NAAC A+, offering branches CSE, IT, ECE, EEE, Mechanical, Civil."
290,MLR Institute of Technology (MLRIT),"Dundigal, Hyderabad",JNTUH (Autonomous),AICTE; NAAC A,"CSE, IT, ECE, EEE, Mechanical, Civil, AI&ML, Data Science",110000,https://www.mlrinstitutions.ac.in,"Top autonomous engineering college affiliated with JNTUH, accredited by AICTE, NAAC A, offering branches CSE, IT, ECE, EEE, Mechanical, Civil, AI&ML, Data Science."
300,Vignana Bharathi Institute of Technology (VBIT),"Aushapur, Ghatkesar, Hyderabad",JNTUH,AICTE; NAAC A,"CSE, IT, ECE, EEE, Civil, CSE-DS, CSE-AI/ML",100000,https://vbithyd.ac.in,"Prominent engineering college affiliated with JNTUH, accredited by AICTE, NAAC A, offering branches CSE, IT, ECE, EEE, Civil, CSE-DS, CSE-AI/ML."
310,G Narayanamma Institute of Technology and Science (GNITS),"Shaikpet, Hyderabad",JNTUH (Autonomous),AICTE; NAAC A+; NBA,"CSE, ECE, EEE, IT, ETE",122000,https://gnits.ac.in,"Premier women's engineering college affiliated with JNTUH (Autonomous), accredited by AICTE, NAAC A+, NBA, offering branches CSE, ECE, EEE, IT, Electronics and Telematics."
320,BVRIT Hyderabad College of Engineering for Women,"Bachupally, Hyderabad",JNTUH (Autonomous),AICTE; NAAC A,"CSE, IT, ECE, EEE",120000,https://bvrit.ac.in,"Premier women's autonomous engineering college affiliated with JNTUH, accredited by AICTE, NAAC A, offering branches CSE, IT, ECE, EEE."
330,CMR College of Engineering & Technology,"Kandlakoya, Medchal, Hyderabad",JNTUH (Autonomous),AICTE; NAAC A++; NBA,"CSE, ECE, Mechanical, Civil, AI&ML, Data Science",115000,https://www.cmrcet.ac.in,"Leading autonomous engineering institute affiliated with JNTUH, accredited by AICTE, NAAC A++, NBA, offering branches CSE, ECE, Mechanical, Civil, AI&ML, Data Science."
340,ACE Engineering College,"Ankushapur, Ghatkesar, Hyderabad",JNTUH (Autonomous),AICTE; NAAC A++; NBA,"CSE, ECE, EEE, Civil, Mechanical, AI&ML, Data Science, IoT",110000,https://www.aceec.ac.in,"Top autonomous engineering college affiliated with JNTUH, accredited by AICTE, NAAC A++, NBA, offering branches CSE, ECE, EEE, Civil, Mechanical, AI&ML, Data Science, IoT."
350,Malla Reddy College of Engineering & Technology (MRCET),"Dhulapally, Hyderabad",JNTUH,AICTE; NAAC A,"CSE, IT, ECE, Aeronautical, Mechanical",100000,https://mrce.in,"Top engineering college affiliated with JNTUH, accredited by AICTE, NAAC A, offering branches CSE, IT, ECE, Aeronautical, Mechanical."
360,Malla Reddy Engineering College,"Maisammaguda, Dhulapally, Hyderabad",JNTUH (Autonomous),AICTE; NAAC A; NBA,"CSE, ECE, EEE, Civil, Mining",115000,https://www.mrec.ac.in,"Prominent autonomous engineering college affiliated with JNTUH, accredited by AICTE, NAAC A, NBA, offering branches CSE, ECE, EEE, Civil, Mining."
370,Geethanjali College of Engineering and Technology,"Ghatkesar, Hyderabad",JNTUH (Autonomous),AICTE; NAAC A++,"CE, ME, ECE, EEE, IT, CSE, CSE(IoT), CSE(Cyber Security), CSE(AI&ML), CSE(Data Science)",130000,https://www.gcet.edu.in,"Top autonomous engineering college affiliated with JNTUH, accredited by AICTE, NAAC A++, offering branches CE, ME, ECE, EEE, IT, CSE, CSE(IoT), CSE(Cyber Security), CSE(AI&ML), CSE(Data Science)."
380,Sreyas Institute of Engineering & Technology,"Bandlaguda, Nagole, Hyderabad",JNTUH (Autonomous),AICTE; NAAC A; NBA,"CSE, ECE, Mechanical, Civil, AI&ML, Data Science",106000,https://sreyas.ac.in,"Leading autonomous engineering institute affiliated with JNTUH, accredited by AICTE, NAAC A, NBA, offering branches CSE, ECE, Mechanical, Civil, AI&ML, Data Science."
390,Keshav Memorial Institute of Technology (KMIT),"Narayanaguda, Hyderabad",JNTUH,AICTE; NAAC,"CSE, IT, ECE, AI&ML",103000,https://www.kmit.in,"Top engineering institute affiliated with JNTUH, accredited by AICTE, NAAC, offering branches CSE, IT, ECE, AI&ML."
400,Matrusri Engineering College,"Saidabad, Hyderabad",Osmania University,AICTE; Autonomous,"CSE, ECE, EEE, Mechanical, Civil",100000,https://www.matrusri.edu.in,"Leading autonomous engineering college affiliated with Osmania University, accredited by AICTE, offering branches CSE, ECE, EEE, Mechanical, Civil."
410,Methodist College of Engineering & Technology,"Abids, Hyderabad",Osmania University,AICTE; NAAC A+,"CSE, ECE, EEE, Mechanical, Civil",86000,https://methodist.edu.in,"Prominent engineering college affiliated with Osmania University, accredited by AICTE, NAAC A+, offering branches CSE, ECE, EEE, Mechanical, Civil."
420,Stanley College of Engineering & Technology for Women,"Abids, Hyderabad",Osmania University (Autonomous),AICTE; NAAC A; NBA,"CSE, ECE, EEE, IT, AI&ML",82000,https://www.stanley.edu.in,"Top women's autonomous engineering college affiliated with Osmania University, accredited by AICTE, NAAC A, NBA, offering branches CSE, ECE, EEE, IT, AI&ML."
430,Vignan's Institute of Management and Technology for Women,"Kondapur, Ghatkesar, Hyderabad",JNTUH (Autonomous),AICTE; NAAC A+,"CSE, ECE, EEE, IT, AI&ML, Data Science",90000,http://www.vmtw.in,"Premier women's autonomous engineering college affiliated with JNTUH, accredited by AICTE, NAAC A+, offering branches CSE, ECE, EEE, IT, AI&ML, Data Science."
440,Bhoj Reddy Engineering College for Women,"Santoshnagar, Hyderabad",JNTUH,AICTE; NAAC A,"CSE, ECE, EEE, IT",85000,https://www.brecw.ac.in,"Top women's engineering college affiliated with JNTUH, accredited by AICTE, NAAC A, offering branches CSE, ECE, EEE, IT."
450,CMR Institute of Technology,"Kandlakoya, Medchal, Hyderabad",JNTUH (Autonomous),AICTE; NAAC A; NBA,"CSE, ECE, Mechanical, Civil, AI&ML",105000,https://cmritonline.ac.in,"Leading autonomous engineering institute affiliated with JNTUH, accredited by AICTE, NAAC A, NBA, offering branches CSE, ECE, Mechanical, Civil, AI&ML."
460,TKR College of Engineering and Technology,"Meerpet, Hyderabad",JNTUH (Autonomous),AICTE; NAAC A,"CSE, ECE, EEE, Mechanical, Civil, AI&ML",90000,https://www.tkrcollege.ac.in,"Top autonomous engineering college affiliated with JNTUH, accredited by AICTE, NAAC A, offering branches CSE, ECE, EEE, Mechanical, Civil, AI&ML."
470,St. Martin's Engineering College,"Dhulapally, Hyderabad",JNTUH (Autonomous),AICTE; NAAC A+; NBA,"CSE, ECE, EEE, Civil, Mechanical, AI&ML, Data Science",100000,https://www.smec.ac.in,"Prominent autonomous engineering institute affiliated with JNTUH, accredited by AICTE, NAAC A+, NBA, offering branches CSE, ECE, EEE, Civil, Mechanical, AI&ML, Data Science."
480,Guru Nanak Institutions Technical Campus,"Ibrahimpatnam, Hyderabad",JNTUH (Autonomous),AICTE; NAAC A+; NBA,"CSE, ECE, EEE, Civil, Mechanical, AI&ML, Data Science, IoT",110000,https://www.gniindia.org,"Leading autonomous engineering campus affiliated with JNTUH, accredited by AICTE, NAAC A+, NBA, offering branches CSE, ECE, EEE, Civil, Mechanical, AI&ML, Data Science, IoT."
490,Sri Indu College of Engineering and Technology,"Sheriguda, Ibrahimpatnam, Hyderabad",JNTUH (Autonomous),AICTE; NAAC A,"CSE, ECE, EEE, Civil, Mechanical, AI&ML",95000,https://sriindu.ac.in,"Top autonomous engineering college affiliated with JNTUH, accredited by AICTE, NAAC A, offering branches CSE, ECE, EEE, Civil, Mechanical, AI&ML."
500,Maturi Venkata Subba Rao Engineering College (MVSR),"Nadergul, Hyderabad",Osmania University,AICTE; NAAC A; NBA,"CSE, IT, ECE, EEE, Mechanical, Civil, Automobile",125000,https://mvsrec.edu.in,"Top private engineering college affiliated with Osmania University, accredited by AICTE, NAAC A, NBA, offering branches CSE, IT, ECE, EEE, Mechanical, Civil, Automobile."
510,Deccan College of Engineering and Technology,"Darussalam, Hyderabad",Osmania University,AICTE; NAAC A,"CSE, ECE, EEE, Mechanical, Civil, IT",85000,https://deccancollege.ac.in,"Leading engineering college affiliated with Osmania University, accredited by AICTE, NAAC A, offering branches CSE, ECE, EEE, Mechanical, Civil, IT."
520,Kakatiya Institute of Technology and Science for Women,"Nizamabad, Hyderabad",JNTUH,AICTE; NAAC A,"CSE, ECE, EEE, IT",80000,https://kitsw.ac.in,"Premier women's engineering institute affiliated with JNTUH, accredited by AICTE, NAAC A, offering branches CSE, ECE, EEE, IT."
530,Lords Institute of Engineering and Technology,"Himayathsagar, Hyderabad",JNTUH (Autonomous),AICTE; NAAC A; NBA,"CSE, AI&ML, Data Science, Cyber Security, ECE, Civil, Mechanical, IT",96000,https://www.lords.ac.in,"Top engineering institute affiliated with JNTUH (Autonomous), accredited by AICTE, NAAC A, NBA, offering branches CSE, AI&ML, Data Science, Cyber Security, ECE, Civil, Mechanical, IT."
540,Hyderabad Institute of Technology and Management (HITAM),"Gowdavelly, Medchal, Hyderabad",JNTUH (Autonomous),AICTE; NAAC A++,"CSE, AI&ML, ECE",103000,https://www.hitam.org,"Innovative engineering college affiliated with JNTUH (Autonomous), accredited by AICTE, NAAC A++, offering branches CSE, AI&ML, ECE."
